text,label
Machine learning models are commonly used for prediction model.,ai
AI based systems can often simplify decision making.,ai
Natural language processing enables machines to generate summaries.,ai
Modern tools can support customer service in surprisingly practical ways.,ai
AI based systems can often simplify daily work.,ai
My friend told me that the shop was closed before dinner.,human
AI based systems can often simplify information retrieval.,ai
It is common for software platforms to use AI for information retrieval.,ai
Data driven pipelines usually include preprocessing training and testing.,ai
Sometimes automated systems are designed to make information retrieval easier.,ai
I woke up late in the morning and sat quietly for a while.,human
Natural language processing enables machines to generate summaries.,ai
Modern tools can support customer service in surprisingly practical ways.,ai
Machine learning models are commonly used for training pipeline.,ai
The living room was warm and smelled like rain.,human
Sometimes automated systems are designed to make decision making easier.,ai
Modern tools can support healthcare in surprisingly practical ways.,ai
My professor explained how artificial intelligence works during the lecture.,human
You may notice that language models can help with decision making.,ai
Large language models can generate structured content from prompts.,ai
It is common for software platforms to use AI for information retrieval.,ai
Data driven pipelines usually include preprocessing training and validation.,ai
The balcony was peaceful and smelled like fresh bread.,human
Data driven pipelines usually include preprocessing training and error analysis.,ai
Digital tools are becoming more useful in everyday finance.,ai
I woke up earlier than usual and checked my notes.,human
Artificial intelligence systems can improve healthcare through automation.,ai
The garden was peaceful and smelled like tea.,human
Data driven pipelines usually include preprocessing training and performance monitoring.,ai
I read an article about data preprocessing and took notes afterward.,human
I tried implementing a simple prediction model but made a few mistakes.,human
I found a photo album while cleaning the hallway.,human
Artificial intelligence systems can improve retail through automation.,ai
Sometimes automated systems are designed to make workflow automation easier.,ai
The kitchen was peaceful and smelled like fresh bread.,human
I practiced writing code for training pipeline last night.,human
Many organizations now rely on intelligent systems for information retrieval.,ai
Sometimes automated systems are designed to make decision making easier.,ai
Classification systems are often evaluated using precision.,ai
Classification systems are often evaluated using precision.,ai
It is common for software platforms to use AI for daily work.,ai
We discussed feature extraction in the lab this morning.,human
Predictive models identify trends in data.,ai
I practiced writing code for prediction model last night.,human
Classification systems are often evaluated using precision.,ai
Machine learning models are commonly used for evaluation function.,ai
In many cases automation is used to improve software development.,ai
I spent the evening studying machine learning for class.,human
I tried implementing a simple evaluation function but made a few mistakes.,human
The hallway was warm and smelled like old books.,human
Neural networks are effective for many detection tasks.,ai
Neural networks are effective for many detection tasks.,ai
Natural language processing enables machines to classify documents.,ai
My brother told me to bring an umbrella before dinner.,human
I spent the evening studying feature extraction for class.,human
I read an article about machine learning and took notes afterward.,human
The bus arrived late so I opened the window.,human
I found a handwritten letter while cleaning the garden.,human
The bus arrived late so I opened the window.,human
I found my headphones while cleaning the kitchen.,human
It is common for software platforms to use AI for workflow automation.,ai
We discussed artificial intelligence in the lab this morning.,human
It is common for software platforms to use AI for daily work.,ai
I reviewed examples of artificial intelligence before the quiz.,human
Machine learning models are commonly used for classifier.,ai
Data driven pipelines usually include preprocessing training and performance monitoring.,ai
Artificial intelligence systems can improve finance through optimization.,ai
I read an article about data preprocessing and took notes afterward.,human
Natural language processing enables machines to predict outcomes.,ai
I found a small gift while cleaning the garden.,human
We spent the weekend studying in the library and talking about old memories.,human
Digital tools are becoming more useful in everyday software development.,ai
My sister told me to bring an umbrella before dinner.,human
I woke up before class and looked for my notebook.,human
Data driven pipelines usually include preprocessing training and validation.,ai
I woke up earlier than usual and checked my notes.,human
Neural networks are effective for many detection tasks.,ai
Large language models can generate reports from prompts.,ai
Sometimes automated systems are designed to make workflow automation easier.,ai
I practiced writing code for prediction model last night.,human
I woke up earlier than usual and opened the window.,human
Artificial intelligence systems can improve education through decision support.,ai
Modern tools can support software development in surprisingly practical ways.,ai
I am still trying to understand how feature extraction is applied in practice.,human
I am still trying to understand how machine learning is applied in practice.,human
Data driven pipelines usually include preprocessing training and validation.,ai
Machine learning models are commonly used for prediction model.,ai
The hallway was warm and smelled like rain.,human
I am still trying to understand how neural networks is applied in practice.,human
You may notice that automation can help with data analysis.,ai
I woke up after lunch and made coffee.,human
The hallway was a bit messy and smelled like fresh bread.,human
I felt tired when I saw a small gift on the table.,human
We spent the afternoon waiting at the station and talking about the future.,human
Predictive models identify risk signals in data.,ai
Many organizations now rely on intelligent systems for data analysis.,ai
Natural language processing enables machines to predict outcomes.,ai
Modern tools can support healthcare in surprisingly practical ways.,ai
We spent the morning studying in the library and talking about school.,human
I practiced writing code for prediction model last night.,human
Natural language processing enables machines to classify documents.,ai
It is common for software platforms to use AI for content generation.,ai
I woke up before class and checked my notes.,human
My neighbor told me that the shop was closed before dinner.,human
Digital tools are becoming more useful in everyday education.,ai
In many cases language models is used to improve software development.,ai
Natural language processing enables machines to generate summaries.,ai
We discussed feature extraction in the lab this morning.,human
I tried implementing a simple prediction model but made a few mistakes.,human
I felt nervous when I saw an old notebook on the table.,human
Data driven pipelines usually include preprocessing training and testing.,ai
We discussed artificial intelligence in the lab this morning.,human
Data driven pipelines usually include preprocessing training and performance monitoring.,ai
Classification systems are often evaluated using accuracy.,ai
Modern tools can support retail in surprisingly practical ways.,ai
Modern tools can support software development in surprisingly practical ways.,ai
I woke up before class and looked for my notebook.,human
My professor explained how data preprocessing works during the lecture.,human
I practiced writing code for prediction model last night.,human
I am still trying to understand how machine learning is applied in practice.,human
I practiced writing code for evaluation function last night.,human
Artificial intelligence systems can improve customer service through better forecasting.,ai
My uncle told me to finish my homework first before dinner.,human
I spent the evening studying text classification for class.,human
I found a photo album while cleaning the kitchen.,human
I practiced writing code for evaluation function last night.,human
I tried implementing a simple evaluation function but made a few mistakes.,human
Digital tools are becoming more useful in everyday software development.,ai
I practiced writing code for training pipeline last night.,human
I woke up late in the morning and sat quietly for a while.,human
We spent the weekend studying in the library and talking about the future.,human
It is common for software platforms to use AI for data analysis.,ai
Machine learning models are commonly used for classifier.,ai
Artificial intelligence systems can improve software development through data analysis.,ai
I tried implementing a simple text analysis script but made a few mistakes.,human
Digital tools are becoming more useful in everyday healthcare.,ai
Modern tools can support education in surprisingly practical ways.,ai
Sometimes automated systems are designed to make decision making easier.,ai
Large language models can generate reports from prompts.,ai
Predictive models identify risk signals in data.,ai
Sometimes automated systems are designed to make decision making easier.,ai
Digital tools are becoming more useful in everyday healthcare.,ai
I smiled when I remembered last summer.,human
I read an article about data preprocessing and took notes afterward.,human
I smiled when I remembered a childhood friend.,human
The hallway was a bit messy and smelled like rain.,human
I reviewed examples of neural networks before the quiz.,human
Classification systems are often evaluated using precision.,ai
I found a small gift while cleaning the hallway.,human
AI based systems can often simplify information retrieval.,ai
I tried implementing a simple training pipeline but made a few mistakes.,human
I found an old notebook while cleaning the living room.,human
I woke up late in the morning and wrote down a few ideas.,human
I practiced writing code for evaluation function last night.,human
Digital tools are becoming more useful in everyday education.,ai
Predictive models identify risk signals in data.,ai
Neural networks are effective for many recommendation tasks.,ai
The bus arrived late so I wrote down a few ideas.,human
In many cases language models is used to improve finance.,ai
Many organizations now rely on intelligent systems for daily work.,ai
Classification systems are often evaluated using precision.,ai
The bus arrived late so I looked for my notebook.,human
It is common for software platforms to use AI for data analysis.,ai
My teacher told me to finish my homework first before dinner.,human
I found an old notebook while cleaning the living room.,human
It is common for software platforms to use AI for content generation.,ai
I am still trying to understand how text classification is applied in practice.,human
I tried implementing a simple classifier but made a few mistakes.,human
My professor explained how data preprocessing works during the lecture.,human
Classification systems are often evaluated using recall.,ai
Artificial intelligence systems can improve retail through decision support.,ai
It is common for software platforms to use AI for data analysis.,ai
The living room was warm and smelled like rain.,human
Modern tools can support customer service in surprisingly practical ways.,ai
Natural language processing enables machines to detect patterns.,ai
Many organizations now rely on intelligent systems for content generation.,ai
Machine learning models are commonly used for evaluation function.,ai
I tried implementing a simple text analysis script but made a few mistakes.,human
I practiced writing code for training pipeline last night.,human
We discussed text classification in the lab this morning.,human
AI based systems can often simplify data analysis.,ai
Artificial intelligence systems can improve finance through decision support.,ai
I found a photo album while cleaning the classroom.,human
The kitchen was peaceful and smelled like old books.,human
Many organizations now rely on intelligent systems for content generation.,ai
Data driven pipelines usually include preprocessing training and validation.,ai
AI based systems can often simplify workflow automation.,ai
Sometimes automated systems are designed to make data analysis easier.,ai
I practiced writing code for text analysis script last night.,human
You may notice that intelligent systems can help with workflow automation.,ai
The kitchen was warm and smelled like coffee.,human
Digital tools are becoming more useful in everyday education.,ai
I smiled when I remembered last summer.,human
I reviewed examples of data preprocessing before the quiz.,human
We spent the morning walking around the market and talking about old memories.,human
My professor explained how artificial intelligence works during the lecture.,human
Machine learning models are commonly used for prediction model.,ai
Predictive models identify risk signals in data.,ai
Digital tools are becoming more useful in everyday software development.,ai
Large language models can generate structured content from prompts.,ai
I found a small gift while cleaning the hallway.,human
I practiced writing code for text analysis script last night.,human
My brother told me to call home later before dinner.,human
I felt tired when I saw my headphones on the table.,human
I read an article about neural networks and took notes afterward.,human
It is common for software platforms to use AI for information retrieval.,ai
Machine learning models are commonly used for evaluation function.,ai
I spent the evening studying data preprocessing for class.,human
Natural language processing enables machines to predict outcomes.,ai
I practiced writing code for evaluation function last night.,human
In many cases language models is used to improve software development.,ai
You may notice that language models can help with daily work.,ai
Large language models can generate reports from prompts.,ai
Digital tools are becoming more useful in everyday software development.,ai
Digital tools are becoming more useful in everyday retail.,ai
Modern tools can support healthcare in surprisingly practical ways.,ai
The bus arrived late so I made coffee.,human
I practiced writing code for training pipeline last night.,human
Neural networks are effective for many classification tasks.,ai
Classification systems are often evaluated using recall.,ai
My professor explained how data preprocessing works during the lecture.,human
I am still trying to understand how feature extraction is applied in practice.,human
Large language models can generate summaries from prompts.,ai
I reviewed examples of feature extraction before the quiz.,human
I am still trying to understand how data preprocessing is applied in practice.,human
Neural networks are effective for many prediction tasks.,ai
The balcony was quiet and smelled like tea.,human
It is common for software platforms to use AI for data analysis.,ai
You may notice that intelligent systems can help with decision making.,ai
I smiled when I remembered an old conversation.,human
Many organizations now rely on intelligent systems for information retrieval.,ai
It is common for software platforms to use AI for information retrieval.,ai
My professor explained how data preprocessing works during the lecture.,human
Modern tools can support software development in surprisingly practical ways.,ai
I practiced writing code for prediction model last night.,human
My professor explained how neural networks works during the lecture.,human
Large language models can generate responses from prompts.,ai
I smiled when I remembered my first day at school.,human
I found a cracked mug while cleaning the classroom.,human
I found my headphones while cleaning the balcony.,human
I tried implementing a simple evaluation function but made a few mistakes.,human
Large language models can generate reports from prompts.,ai
We discussed artificial intelligence in the lab this morning.,human
I read an article about artificial intelligence and took notes afterward.,human
My teacher told me to bring an umbrella before dinner.,human
The kitchen was a bit messy and smelled like old books.,human
I reviewed examples of text classification before the quiz.,human
My teacher told me that the shop was closed before dinner.,human
I tried implementing a simple training pipeline but made a few mistakes.,human
Neural networks are effective for many recommendation tasks.,ai
Sometimes automated systems are designed to make data analysis easier.,ai
You may notice that automation can help with data analysis.,ai
Data driven pipelines usually include preprocessing training and performance monitoring.,ai
Modern tools can support healthcare in surprisingly practical ways.,ai
We spent the weekend cooking together and talking about a strange dream.,human
Data driven pipelines usually include preprocessing training and validation.,ai
I reviewed examples of feature extraction before the quiz.,human
I practiced writing code for training pipeline last night.,human
In many cases machine learning is used to improve retail.,ai
I am still trying to understand how feature extraction is applied in practice.,human
My brother told me that the shop was closed before dinner.,human
Natural language processing enables machines to predict outcomes.,ai
I woke up after lunch and opened the window.,human
I felt nervous when I saw an old notebook on the table.,human
I practiced writing code for training pipeline last night.,human
Artificial intelligence systems can improve finance through optimization.,ai
My uncle told me to call home later before dinner.,human
Classification systems are often evaluated using accuracy.,ai
Data driven pipelines usually include preprocessing training and validation.,ai
The balcony was a bit messy and smelled like fresh bread.,human
We discussed feature extraction in the lab this morning.,human
Many organizations now rely on intelligent systems for workflow automation.,ai
I reviewed examples of artificial intelligence before the quiz.,human
I found a cracked mug while cleaning the kitchen.,human
The balcony was peaceful and smelled like rain.,human
I tried implementing a simple classifier but made a few mistakes.,human
Large language models can generate structured content from prompts.,ai
Many organizations now rely on intelligent systems for information retrieval.,ai
My professor explained how neural networks works during the lecture.,human
Predictive models identify anomalies in data.,ai
I felt curious when I saw my headphones on the table.,human
AI based systems can often simplify daily work.,ai
The bus arrived late so I sat quietly for a while.,human
My professor explained how feature extraction works during the lecture.,human
I found a cracked mug while cleaning the living room.,human
I tried implementing a simple classifier but made a few mistakes.,human
Large language models can generate structured content from prompts.,ai
We discussed feature extraction in the lab this morning.,human
Natural language processing enables machines to predict outcomes.,ai
Modern tools can support customer service in surprisingly practical ways.,ai
I spent the evening studying neural networks for class.,human
Digital tools are becoming more useful in everyday software development.,ai
The living room was peaceful and smelled like old books.,human
I reviewed examples of neural networks before the quiz.,human
Many organizations now rely on intelligent systems for data analysis.,ai
We discussed text classification in the lab this morning.,human
I found a cracked mug while cleaning the garden.,human
Predictive models identify useful patterns in data.,ai
I spent the evening studying machine learning for class.,human
In many cases language models is used to improve customer service.,ai
